timestamp,open,high,low,close,volume,date,hour
2023-12-20,42275.99,44283.0,42206.0,43668.93,48710.2947,2023-12-20,2023-12-20 00:00:00
2023-12-21,43668.92,44242.35,43286.72,43861.8,34624.29384,2023-12-21,2023-12-21 00:00:00
2023-12-22,43861.79,44398.26,43412.54,43969.04,32783.19638,2023-12-22,2023-12-22 00:00:00
2023-12-23,43969.04,43988.68,43291.1,43702.16,16557.1293,2023-12-23,2023-12-23 00:00:00
2023-12-24,43702.15,43946.0,42500.0,42991.5,25144.33496,2023-12-24,2023-12-24 00:00:00
2023-12-25,42991.5,43802.32,42720.43,43576.13,27021.23992,2023-12-25,2023-12-25 00:00:00
2023-12-26,43576.12,43592.68,41637.6,42508.93,41010.04282,2023-12-26,2023-12-26 00:00:00
2023-12-27,42508.93,43677.0,42098.69,43428.85,36191.21136,2023-12-27,2023-12-27 00:00:00
2023-12-28,43428.86,43787.57,42241.79,42563.76,35150.52485,2023-12-28,2023-12-28 00:00:00
2023-12-29,42563.76,43111.0,41300.0,42066.95,42597.18912,2023-12-29,2023-12-29 00:00:00
2023-12-30,42066.94,42612.32,41520.3,42140.28,22906.57818,2023-12-30,2023-12-30 00:00:00
2023-12-31,42140.29,42899.0,41965.84,42283.58,23585.91603,2023-12-31,2023-12-31 00:00:00
2024-01-01,42283.58,44184.1,42180.77,44179.55,27174.29903,2024-01-01,2024-01-01 00:00:00
2024-01-02,44179.55,45879.63,44148.34,44946.91,65146.40661,2024-01-02,2024-01-02 00:00:00
2024-01-03,44946.91,45500.0,40750.0,42845.23,81194.55173,2024-01-03,2024-01-03 00:00:00
2024-01-04,42845.23,44729.58,42613.77,44151.1,48038.06334,2024-01-04,2024-01-04 00:00:00
2024-01-05,44151.1,44357.46,42450.0,44145.11,48075.25327,2024-01-05,2024-01-05 00:00:00
2024-01-06,44145.12,44214.42,43397.05,43968.32,17835.06144,2024-01-06,2024-01-06 00:00:00
2024-01-07,43968.32,44480.59,43572.09,43929.02,23023.8508,2024-01-07,2024-01-07 00:00:00
2024-01-08,43929.01,47248.99,43175.0,46951.04,72814.57589,2024-01-08,2024-01-08 00:00:00
2024-01-09,46951.04,47972.0,44748.67,46110.0,69927.66617,2024-01-09,2024-01-09 00:00:00
2024-01-10,46110.0,47695.93,44300.36,46653.99,89911.41203,2024-01-10,2024-01-10 00:00:00
2024-01-11,46654.0,48969.48,45606.06,46339.16,87470.3296,2024-01-11,2024-01-11 00:00:00
2024-01-12,46339.16,46515.53,41500.0,42782.73,86327.93707,2024-01-12,2024-01-12 00:00:00
2024-01-13,42782.74,43257.0,42436.12,42847.99,36118.47464,2024-01-13,2024-01-13 00:00:00
2024-01-14,42847.99,43079.0,41720.0,41732.35,28228.40894,2024-01-14,2024-01-14 00:00:00
2024-01-15,41732.35,43400.43,41718.05,42511.1,40269.89303,2024-01-15,2024-01-15 00:00:00
2024-01-16,42511.1,43578.01,42050.0,43137.95,45045.74589,2024-01-16,2024-01-16 00:00:00
2024-01-17,43137.94,43198.0,42200.69,42776.1,33266.21388,2024-01-17,2024-01-17 00:00:00
2024-01-18,42776.09,42930.0,40683.28,41327.5,43907.51641,2024-01-18,2024-01-18 00:00:00
2024-01-19,41327.51,41576.0,40310.0,40392.7,29407.5191,2024-01-19,2024-01-19 00:00:00
