comment_date,VADER_mean,timestamp,open,high,low,close,volume,date,hour
2024-01-02,0.21737573964497042,2024-01-02,44179.55,45879.63,44148.34,44946.91,65146.40661,2024-01-02,2024-01-02 00:00:00
2024-01-03,0.20518509933774834,2024-01-03,44946.91,45500.0,40750.0,42845.23,81194.55173,2024-01-03,2024-01-03 00:00:00
2024-01-04,0.26385644171779143,2024-01-04,42845.23,44729.58,42613.77,44151.1,48038.06334,2024-01-04,2024-01-04 00:00:00
2024-01-05,0.2981186813186813,2024-01-05,44151.1,44357.46,42450.0,44145.11,48075.25327,2024-01-05,2024-01-05 00:00:00
2024-01-06,0.2472934673366834,2024-01-06,44145.12,44214.42,43397.05,43968.32,17835.06144,2024-01-06,2024-01-06 00:00:00
2024-01-07,0.18428482142857144,2024-01-07,43968.32,44480.59,43572.09,43929.02,23023.8508,2024-01-07,2024-01-07 00:00:00
2024-01-08,0.23742407862407863,2024-01-08,43929.01,47248.99,43175.0,46951.04,72814.57589,2024-01-08,2024-01-08 00:00:00
2024-01-09,0.17662624728850326,2024-01-09,46951.04,47972.0,44748.67,46110.0,69927.66617,2024-01-09,2024-01-09 00:00:00
2024-01-10,0.193285835694051,2024-01-10,46110.0,47695.93,44300.36,46653.99,89911.41203,2024-01-10,2024-01-10 00:00:00
2024-01-11,0.20873240611961055,2024-01-11,46654.0,48969.48,45606.06,46339.16,87470.3296,2024-01-11,2024-01-11 00:00:00
2024-01-12,0.2118255905511811,2024-01-12,46339.16,46515.53,41500.0,42782.73,86327.93707,2024-01-12,2024-01-12 00:00:00
2024-01-13,0.22835147928994082,2024-01-13,42782.74,43257.0,42436.12,42847.99,36118.47464,2024-01-13,2024-01-13 00:00:00
2024-01-14,0.1150375,2024-01-14,42847.99,43079.0,41720.0,41732.35,28228.40894,2024-01-14,2024-01-14 00:00:00
2024-01-15,0.2341686567164179,2024-01-15,41732.35,43400.43,41718.05,42511.1,40269.89303,2024-01-15,2024-01-15 00:00:00
2024-01-16,0.23605272727272728,2024-01-16,42511.1,43578.01,42050.0,43137.95,45045.74589,2024-01-16,2024-01-16 00:00:00
2024-01-17,0.24682564102564103,2024-01-17,43137.94,43198.0,42200.69,42776.1,33266.21388,2024-01-17,2024-01-17 00:00:00
2024-01-18,0.15368021978021978,2024-01-18,42776.09,42930.0,40683.28,41327.5,43907.51641,2024-01-18,2024-01-18 00:00:00
2024-01-19,0.1748785388127854,2024-01-19,41327.51,42196.86,40280.0,41659.03,48342.74559,2024-01-19,2024-01-19 00:00:00
2024-01-20,0.04706882217090069,2024-01-20,41659.03,41872.56,41456.3,41696.04,15923.99493,2024-01-20,2024-01-20 00:00:00
2024-01-21,0.1634787109375,2024-01-21,41696.05,41881.39,41500.98,41580.33,11730.16301,2024-01-21,2024-01-21 00:00:00
